{
  "GET /cars" : {
    "transaction" : "GET /cars",
    "sampleCount" : 100,
    "errorCount" : 0,
    "errorPct" : 0.0,
    "meanResTime" : 253.21000000000004,
    "medianResTime" : 6.0,
    "minResTime" : 3.0,
    "maxResTime" : 1728.0,
    "pct1ResTime" : 1379.4000000000005,
    "pct2ResTime" : 1674.6999999999998,
    "pct3ResTime" : 1727.5699999999997,
    "throughput" : 10.74922068150059,
    "receivedKBytesPerSec" : 1.5221064441577985,
    "sentKBytesPerSec" : 1.2281824411480167
  },
  "Total" : {
    "transaction" : "Total",
    "sampleCount" : 180,
    "errorCount" : 0,
    "errorPct" : 0.0,
    "meanResTime" : 334.2666666666667,
    "medianResTime" : 9.0,
    "minResTime" : 3.0,
    "maxResTime" : 1728.0,
    "pct1ResTime" : 1489.7000000000003,
    "pct2ResTime" : 1654.75,
    "pct3ResTime" : 1710.99,
    "throughput" : 19.346517626827172,
    "receivedKBytesPerSec" : 2.588352455932932,
    "sentKBytesPerSec" : 2.9893056749785036
  },
  "POST /cars/return/R1" : {
    "transaction" : "POST /cars/return/R1",
    "sampleCount" : 30,
    "errorCount" : 0,
    "errorPct" : 0.0,
    "meanResTime" : 412.8666666666666,
    "medianResTime" : 14.0,
    "minResTime" : 5.0,
    "maxResTime" : 1600.0,
    "pct1ResTime" : 1584.8000000000002,
    "pct2ResTime" : 1597.25,
    "pct3ResTime" : 1600.0,
    "throughput" : 6.700915791824882,
    "receivedKBytesPerSec" : 0.6020354031717667,
    "sentKBytesPerSec" : 1.3807551094482913
  },
  "POST /cars/rent/R1" : {
    "transaction" : "POST /cars/rent/R1",
    "sampleCount" : 50,
    "errorCount" : 0,
    "errorPct" : 0.0,
    "meanResTime" : 449.22,
    "medianResTime" : 15.5,
    "minResTime" : 4.0,
    "maxResTime" : 1707.0,
    "pct1ResTime" : 1620.5,
    "pct2ResTime" : 1684.9499999999998,
    "pct3ResTime" : 1707.0,
    "throughput" : 11.215791834903545,
    "receivedKBytesPerSec" : 1.621032413638403,
    "sentKBytesPerSec" : 2.289160638178555
  }
}